id,house_size_sqft,num_bedrooms,age_of_house_years,location,house_type,condition,furnishing,house_price_usd
1,3377.42,1,47,Suburban,Villa,Average,Unfurnished,614992.29
2,4514.81,1,37,Suburban,Apartment,Poor,Unfurnished,735642.67
3,1483.87,5,38,Urban,Villa,Excellent,Unfurnished,417046.99
4,4411.85,2,44,Suburban,Bungalow,Good,Unfurnished,772604.15
5,1468.91,3,6,Urban,Townhouse,Poor,Semi-Furnished,384795.11
6,4132.08,6,29,Rural,Apartment,Excellent,Unfurnished,753706.22
7,2984.18,6,39,Suburban,Villa,Poor,Unfurnished,594136.87
8,4933.5,2,55,Urban,Townhouse,Good,Semi-Furnished,861333.48
9,3360.58,3,10,Suburban,Bungalow,Average,Furnished,652086.08
10,3416.16,5,40,Urban,Villa,Average,Semi-Furnished,714110.03
11,2207.55,6,44,Rural,Villa,Good,Unfurnished,485200.75
12,1919.54,3,4,Urban,Bungalow,Average,Furnished,464756.9
13,2746.54,6,29,Urban,Bungalow,Average,Unfurnished,580467.6
14,3861.56,4,57,Rural,Townhouse,Good,Unfurnished,672683.46
15,4987.97,2,32,Suburban,Apartment,Poor,Unfurnished,835303.43
16,3562.17,5,4,Suburban,Townhouse,Excellent,Furnished,741996.11
17,1631.36,5,55,Urban,Apartment,Good,Furnished,397124.54
18,1211.71,1,46,Rural,Bungalow,Average,Furnished,268583.11
19,4606.83,6,19,Rural,Villa,Average,Semi-Furnished,861606.71
20,4003.82,5,58,Urban,Bungalow,Excellent,Unfurnished,750242.68
21,1003.4,3,56,Suburban,Villa,Poor,Unfurnished,274675.77
22,885.44,4,52,Urban,Villa,Average,Furnished,290768.67
23,2638.77,5,10,Suburban,Townhouse,Average,Furnished,571220.41
24,3708.27,4,42,Rural,Bungalow,Excellent,Furnished,682405.6
25,2531.69,2,14,Urban,Bungalow,Poor,Furnished,514499.34
26,532.36,6,40,Urban,Villa,Poor,Unfurnished,249311.06
27,4368.36,1,32,Urban,Bungalow,Excellent,Unfurnished,783216.68
28,4470.72,5,30,Urban,Townhouse,Excellent,Unfurnished,854478.37
29,924.47,6,27,Suburban,Townhouse,Excellent,Semi-Furnished,327821.5
30,3440.55,6,6,Urban,Townhouse,Good,Unfurnished,718266.87
31,1618.95,2,34,Suburban,Villa,Excellent,Unfurnished,395560.45
32,4654.7,4,51,Rural,Apartment,Poor,Furnished,789373.2
33,4996.77,1,5,Urban,Villa,Excellent,Semi-Furnished,928625.55
34,4560.99,2,24,Urban,Townhouse,Good,Semi-Furnished,843818.22
35,1783.62,6,46,Rural,Townhouse,Average,Unfurnished,381651.3
36,3106.31,5,3,Rural,Bungalow,Poor,Unfurnished,613704.35
37,3128.8,5,58,Rural,Villa,Poor,Furnished,598413.49
38,3177.66,6,55,Urban,Townhouse,Poor,Furnished,636123.42
39,1607.97,5,2,Rural,Apartment,Excellent,Furnished,403178.59
40,4706.18,2,42,Rural,Bungalow,Average,Semi-Furnished,787443.57
41,2281.04,6,41,Suburban,Townhouse,Good,Unfurnished,509483.29
42,3033.47,1,4,Rural,Villa,Good,Unfurnished,591472.53
43,4699.67,1,56,Urban,Bungalow,Good,Unfurnished,804881.72
44,1861.33,6,33,Urban,Bungalow,Poor,Unfurnished,436592.13
45,1690.1,1,47,Rural,Villa,Good,Semi-Furnished,352854.21
46,1416.19,6,54,Suburban,Townhouse,Good,Unfurnished,350441.77
47,915.34,4,53,Suburban,Apartment,Poor,Semi-Furnished,234408.07
48,1678.8,6,28,Rural,Townhouse,Poor,Unfurnished,363129.39
49,838.6,6,57,Urban,Apartment,Good,Furnished,282168.02
50,688.23,3,57,Urban,Bungalow,Average,Furnished,232886.55
51,1622.88,1,22,Rural,Townhouse,Average,Unfurnished,347257.35
52,4148.47,4,1,Urban,Bungalow,Excellent,Furnished,817026.21
53,4388.29,2,17,Urban,Apartment,Excellent,Unfurnished,814221.95
54,4174.64,4,22,Suburban,Villa,Average,Unfurnished,781191.71
55,3470.15,4,21,Suburban,Apartment,Good,Semi-Furnished,660629.1
56,4915.17,5,21,Urban,Apartment,Good,Unfurnished,898200.6
57,3112.65,3,2,Urban,Townhouse,Good,Furnished,662241.3
58,4929.06,1,24,Rural,Villa,Good,Unfurnished,850815.33
59,3689.53,1,33,Rural,Villa,Good,Semi-Furnished,684724.64
60,1985.9,3,42,Urban,Bungalow,Good,Furnished,459315.6
61,2337.77,4,44,Suburban,Villa,Average,Semi-Furnished,496486.38
62,3866.61,2,39,Rural,Bungalow,Excellent,Furnished,694069.98
63,4251.76,3,18,Urban,Townhouse,Good,Semi-Furnished,799153.52
64,2800.28,6,10,Rural,Apartment,Good,Furnished,586335.66
65,3487.34,5,21,Urban,Villa,Good,Unfurnished,726872.79
66,707.96,4,39,Urban,Townhouse,Excellent,Furnished,287759.14
67,3090.52,6,44,Suburban,Townhouse,Excellent,Unfurnished,636701.05
68,4516.97,1,49,Suburban,Villa,Average,Furnished,811108
69,2830.81,1,35,Urban,Apartment,Excellent,Unfurnished,556390.88
70,4945.52,5,20,Suburban,Townhouse,Excellent,Unfurnished,905569.03
71,3846.45,4,28,Suburban,Villa,Good,Furnished,753679.02
72,2479.43,6,18,Urban,Bungalow,Good,Semi-Furnished,570086.17
73,4518.62,1,8,Urban,Villa,Excellent,Furnished,881576.19
74,2366.91,3,34,Suburban,Townhouse,Poor,Unfurnished,467384.23
75,4248.01,4,57,Rural,Apartment,Excellent,Semi-Furnished,753045.35
76,3890.64,4,34,Rural,Villa,Excellent,Unfurnished,737671.89
77,1728.21,4,1,Suburban,Bungalow,Excellent,Furnished,455000.39
78,1074.33,5,34,Urban,Townhouse,Poor,Unfurnished,316680.02
79,3392.37,2,55,Suburban,Villa,Poor,Semi-Furnished,613854.82
80,1970.81,4,17,Suburban,Bungalow,Poor,Semi-Furnished,433821.01
81,587.22,5,3,Suburban,Villa,Poor,Furnished,278627.75
82,1612.77,1,39,Urban,Villa,Average,Semi-Furnished,386218.19
83,3512.56,5,60,Urban,Townhouse,Good,Semi-Furnished,691285.74
84,3865.67,1,49,Urban,Bungalow,Poor,Furnished,696160.86
85,615.55,3,36,Rural,Townhouse,Excellent,Furnished,233949.93
86,4237.57,2,6,Rural,Bungalow,Poor,Furnished,756989.43
87,4021.86,3,34,Suburban,Bungalow,Poor,Furnished,721312.76
88,2390.26,4,6,Suburban,Bungalow,Excellent,Furnished,544717.88
89,1188.46,2,46,Rural,Bungalow,Excellent,Semi-Furnished,273552.13
90,1707.78,2,53,Urban,Bungalow,Excellent,Unfurnished,394872.9
91,3877.14,5,39,Rural,Townhouse,Good,Unfurnished,702282.43
92,2693.97,3,51,Suburban,Bungalow,Good,Furnished,533549.19
93,3655.33,3,35,Urban,Villa,Poor,Unfurnished,693567.77
94,3911.74,6,30,Rural,Townhouse,Excellent,Unfurnished,734659.75
95,918.74,2,25,Rural,Villa,Good,Furnished,274916.11
96,2889.15,4,47,Rural,Bungalow,Good,Furnished,551331.22
97,2541.85,3,16,Urban,Apartment,Average,Semi-Furnished,535722.07
98,3929.85,2,12,Urban,Townhouse,Good,Furnished,771642.57
99,3153.14,5,38,Suburban,Apartment,Average,Semi-Furnished,603280.45
100,563.67,5,8,Suburban,Apartment,Poor,Furnished,239131.59
101,1814.61,2,40,Suburban,Apartment,Poor,Furnished,364236.51
102,2033.18,1,16,Suburban,Apartment,Poor,Semi-Furnished,409096.89
103,2712.86,5,40,Rural,Apartment,Average,Unfurnished,514246.8
104,883.31,2,7,Rural,Townhouse,Average,Furnished,241794.44
105,2211.7,4,19,Rural,Townhouse,Good,Furnished,473604.74
106,3830.4,2,40,Urban,Bungalow,Poor,Unfurnished,674997.05
107,1579.39,5,4,Urban,Apartment,Excellent,Semi-Furnished,434357.32
108,646.88,3,45,Suburban,Townhouse,Poor,Furnished,203664.63
109,1550.41,3,50,Rural,Villa,Excellent,Unfurnished,352456.6
110,4587.85,2,4,Urban,Villa,Good,Furnished,886784.32
111,3870.31,5,58,Suburban,Townhouse,Poor,Semi-Furnished,692482.59
112,4742.04,5,34,Suburban,Townhouse,Poor,Furnished,843606.31
113,679.37,4,47,Suburban,Bungalow,Poor,Unfurnished,205887.65
114,4372.33,5,60,Urban,Bungalow,Poor,Unfurnished,789727.37
115,2617.25,6,28,Suburban,Villa,Excellent,Furnished,615472.2
116,2615.05,4,21,Suburban,Apartment,Average,Semi-Furnished,506060.74
117,2352.4,4,18,Rural,Townhouse,Poor,Semi-Furnished,476651.49
118,1021.65,4,55,Rural,Apartment,Excellent,Semi-Furnished,266454.02
119,743.92,5,23,Rural,Townhouse,Excellent,Unfurnished,267093.23
120,4674.53,4,56,Rural,Townhouse,Poor,Unfurnished,791051.46
121,4879.16,5,51,Urban,Villa,Good,Furnished,934235.35
122,1511.15,1,29,Urban,Villa,Excellent,Furnished,411175.45
123,1813.38,6,17,Suburban,Townhouse,Excellent,Unfurnished,455098.91
124,1357.75,5,32,Rural,Villa,Poor,Semi-Furnished,342261.85
125,3977.04,4,21,Rural,Bungalow,Poor,Semi-Furnished,705469.87
126,3109.66,6,31,Urban,Townhouse,Excellent,Semi-Furnished,655571.18
127,1995.98,5,24,Suburban,Bungalow,Average,Furnished,458749.5
128,4352.06,4,2,Suburban,Townhouse,Excellent,Semi-Furnished,848051.07
129,4947.86,6,9,Suburban,Apartment,Average,Furnished,919995.69
130,951.64,4,6,Rural,Townhouse,Poor,Furnished,277393.94
131,1148.7,6,9,Urban,Townhouse,Good,Semi-Furnished,376348.77
132,861.42,3,54,Rural,Townhouse,Good,Furnished,235381.32
133,3734.23,4,55,Rural,Apartment,Poor,Unfurnished,613893.83
134,4988.42,6,5,Suburban,Apartment,Poor,Semi-Furnished,889035.96
135,1248.64,3,57,Urban,Apartment,Good,Unfurnished,303609.12
136,1155.06,5,26,Rural,Villa,Average,Unfurnished,326927.12
137,855.36,4,39,Rural,Villa,Excellent,Furnished,299639.38
138,1642.9,3,42,Urban,Townhouse,Good,Furnished,414799.5
139,2959.69,1,28,Suburban,Bungalow,Excellent,Furnished,583543.96
140,1396.48,4,54,Suburban,Apartment,Average,Semi-Furnished,331727.92
141,3073.65,5,18,Rural,Bungalow,Poor,Furnished,591838.25
142,4392.8,6,3,Rural,Townhouse,Good,Unfurnished,826141.18
143,3231.79,3,14,Rural,Villa,Good,Furnished,649047.25
144,3563.85,2,40,Urban,Apartment,Good,Semi-Furnished,650921.39
145,650.14,3,46,Urban,Apartment,Good,Semi-Furnished,232642.3
146,1094.72,5,56,Suburban,Bungalow,Average,Semi-Furnished,284436.41
147,4613.22,4,51,Suburban,Bungalow,Poor,Semi-Furnished,803470.37
148,4849.25,6,46,Rural,Townhouse,Good,Unfurnished,858569.39
149,4058.07,1,16,Rural,Apartment,Excellent,Semi-Furnished,714340.2
150,3130.52,6,60,Suburban,Apartment,Average,Semi-Furnished,581004.84
151,612.61,5,20,Rural,Villa,Poor,Furnished,254738.03
152,1859.86,4,7,Urban,Apartment,Poor,Semi-Furnished,415701.59
153,4981.67,1,6,Urban,Villa,Excellent,Semi-Furnished,927983.02
154,3634.18,5,26,Rural,Villa,Excellent,Furnished,745486.98
155,945.6,4,39,Suburban,Bungalow,Poor,Furnished,260690.96
156,4777.5,3,6,Rural,Bungalow,Good,Unfurnished,852117.96
157,2291.63,2,7,Suburban,Apartment,Average,Furnished,462516.63
158,727.6,3,15,Urban,Villa,Poor,Furnished,271773.19
159,1432.21,2,52,Urban,Bungalow,Average,Furnished,357047.13
160,1151.1,2,34,Suburban,Villa,Poor,Furnished,306746.81
161,4399.02,2,0,Suburban,Villa,Good,Unfurnished,830055.66
162,3837.73,5,7,Rural,Apartment,Excellent,Semi-Furnished,736392.48
163,4001.08,5,37,Urban,Townhouse,Average,Furnished,787035.2
164,4401.41,5,19,Suburban,Apartment,Poor,Semi-Furnished,796776.18
165,4312.84,4,43,Urban,Townhouse,Excellent,Unfurnished,819213.87
166,1167.5,2,17,Rural,Bungalow,Excellent,Furnished,309352.35
167,2887.51,4,32,Rural,Townhouse,Poor,Furnished,557306.19
168,4449.68,5,46,Urban,Townhouse,Excellent,Unfurnished,849335.08
169,2362.16,4,25,Suburban,Apartment,Good,Semi-Furnished,493974.7
170,4791.17,6,59,Suburban,Apartment,Poor,Unfurnished,827144.83
171,919.54,1,47,Rural,Bungalow,Average,Furnished,236965.64
172,3027.58,6,7,Suburban,Bungalow,Excellent,Furnished,667912.4
173,731.51,3,38,Suburban,Bungalow,Poor,Furnished,220692.92
174,2669.85,1,22,Rural,Bungalow,Poor,Semi-Furnished,480661.54
175,3083.45,4,54,Rural,Apartment,Good,Unfurnished,558593.45
176,1890.43,3,22,Urban,Villa,Average,Furnished,480252.97
177,3458.05,1,9,Rural,Apartment,Poor,Furnished,599877.53
178,2541.41,2,23,Suburban,Bungalow,Poor,Unfurnished,481332.01
179,1200.11,5,3,Rural,Apartment,Good,Semi-Furnished,324768.65
180,2489.2,3,13,Rural,Apartment,Good,Semi-Furnished,487131.29
181,999,6,43,Rural,Townhouse,Good,Unfurnished,288701.81
182,746.52,2,19,Urban,Villa,Good,Semi-Furnished,316468.07
183,1976.55,1,31,Rural,Townhouse,Average,Unfurnished,369575.77
184,2751.18,6,51,Suburban,Apartment,Excellent,Furnished,582406.48
185,690.36,1,29,Urban,Bungalow,Excellent,Furnished,252917.45
186,1802.82,4,1,Suburban,Villa,Excellent,Furnished,493086.22
187,4638.96,1,27,Urban,Villa,Excellent,Furnished,878619.02
188,4417.36,6,21,Urban,Bungalow,Average,Unfurnished,839699.85
189,2797.17,1,33,Rural,Villa,Good,Semi-Furnished,538080.43
190,4167.67,2,6,Urban,Bungalow,Average,Unfurnished,757709.48
191,3210.8,6,4,Urban,Townhouse,Excellent,Furnished,715961.63
192,4658.69,5,41,Rural,Bungalow,Good,Unfurnished,811287.12
193,2478.93,4,28,Rural,Bungalow,Good,Furnished,518371.93
194,1896.84,4,2,Urban,Bungalow,Good,Unfurnished,470216.38
195,3401,1,39,Rural,Townhouse,Excellent,Furnished,612594.34
196,4531.45,4,58,Rural,Villa,Good,Furnished,813573.87
197,2640.33,2,3,Suburban,Apartment,Good,Furnished,553599.54
198,676.14,6,28,Suburban,Villa,Good,Semi-Furnished,301848.97
199,4630.72,4,26,Suburban,Apartment,Good,Unfurnished,822900.81
200,2239.54,3,46,Rural,Villa,Good,Unfurnished,467098.38
201,3122.33,2,58,Suburban,Bungalow,Excellent,Unfurnished,562348.59
202,1893.12,4,41,Suburban,Villa,Poor,Furnished,421559.72
203,3517.05,5,23,Urban,Bungalow,Good,Unfurnished,710131.76
204,3947.7,2,14,Urban,Villa,Poor,Semi-Furnished,751745.44
205,4299.93,1,32,Rural,Apartment,Good,Furnished,744677.11
206,1230.11,6,49,Rural,Villa,Excellent,Unfurnished,352022.14
207,2348.86,6,46,Urban,Townhouse,Good,Furnished,541760.25
208,1576.26,4,57,Urban,Bungalow,Excellent,Semi-Furnished,389128.85
209,3962.47,4,32,Rural,Townhouse,Average,Unfurnished,707152.67
210,1625.01,6,30,Suburban,Apartment,Poor,Semi-Furnished,373609.42
211,877.44,2,17,Suburban,Villa,Excellent,Unfurnished,304366.73
212,2530.08,3,59,Urban,Townhouse,Poor,Semi-Furnished,493439.12
213,2759.03,2,24,Urban,Bungalow,Average,Unfurnished,545125.84
214,3716.17,3,50,Urban,Villa,Poor,Semi-Furnished,703744.99
215,4628.28,4,44,Urban,Townhouse,Excellent,Furnished,879290.64
216,1651.66,2,35,Rural,Townhouse,Poor,Semi-Furnished,332856.23
217,1569.38,1,3,Urban,Townhouse,Excellent,Unfurnished,417326.03
218,3185.33,1,40,Rural,Villa,Average,Semi-Furnished,591939.43
219,2431.58,5,22,Urban,Townhouse,Average,Furnished,545348.95
220,2122.72,5,34,Rural,Apartment,Excellent,Semi-Furnished,446725.35
221,695.9,4,23,Suburban,Apartment,Good,Unfurnished,232691.34
222,3327.16,5,47,Suburban,Villa,Poor,Semi-Furnished,655235
223,2957.06,6,11,Rural,Townhouse,Excellent,Furnished,633536.45
224,3722.2,4,2,Suburban,Villa,Poor,Unfurnished,725652.01
225,4486.06,3,59,Suburban,Townhouse,Excellent,Semi-Furnished,815948.11
226,1787.5,1,55,Rural,Bungalow,Good,Unfurnished,340757.69
227,4097.04,4,56,Suburban,Townhouse,Excellent,Semi-Furnished,767996.36
228,2738.86,5,17,Urban,Townhouse,Poor,Semi-Furnished,578689.41
229,3211.04,2,34,Suburban,Bungalow,Poor,Unfurnished,571306.33
230,2506.62,6,27,Urban,Townhouse,Good,Semi-Furnished,577303.94
231,690.6,3,39,Suburban,Bungalow,Poor,Unfurnished,198508.35
232,2808.89,6,43,Urban,Apartment,Average,Furnished,577746.69
233,3551.4,4,2,Urban,Apartment,Average,Furnished,703863.07
234,3052.6,5,9,Rural,Townhouse,Good,Semi-Furnished,623542.26
235,2497.73,1,36,Urban,Bungalow,Excellent,Semi-Furnished,516282.38
236,1010.52,6,11,Suburban,Townhouse,Poor,Semi-Furnished,310882.98
237,3987.34,6,28,Urban,Bungalow,Excellent,Unfurnished,802938.14
238,2534.19,6,28,Urban,Bungalow,Good,Furnished,588636.88
239,792.23,5,18,Suburban,Villa,Average,Semi-Furnished,295371.14
240,1404.41,2,15,Suburban,Apartment,Good,Furnished,348437.73
241,3075.25,4,51,Rural,Villa,Poor,Unfurnished,553978.09
242,3734.91,5,26,Suburban,Apartment,Average,Semi-Furnished,728888.75
243,3390.52,4,29,Rural,Bungalow,Average,Furnished,630140.98
244,4848.19,4,32,Urban,Apartment,Average,Semi-Furnished,867725.91
245,1240.96,3,59,Rural,Villa,Good,Furnished,326165.5
246,1627.72,6,35,Suburban,Villa,Good,Furnished,431668.92
247,2900.65,5,41,Urban,Villa,Average,Furnished,613065.09
248,2019.29,5,2,Urban,Apartment,Poor,Furnished,465140.88
249,3969.6,3,41,Urban,Townhouse,Poor,Semi-Furnished,733341.4
250,3388.58,3,30,Urban,Townhouse,Good,Semi-Furnished,664833.66
251,828.38,1,10,Suburban,Townhouse,Excellent,Semi-Furnished,278370.35
252,1906.62,6,20,Rural,Bungalow,Excellent,Unfurnished,456468.76
253,3922.99,5,35,Urban,Bungalow,Average,Semi-Furnished,756725.79
254,1133.95,1,18,Suburban,Townhouse,Average,Unfurnished,288777.3
255,4160.65,5,46,Suburban,Villa,Average,Semi-Furnished,791266.67
256,4455.84,4,1,Urban,Townhouse,Excellent,Unfurnished,868348.81
257,1468.15,3,3,Urban,Bungalow,Excellent,Furnished,428438.34
258,2617.64,5,0,Urban,Townhouse,Average,Semi-Furnished,579790.29
259,3773.79,4,23,Urban,Townhouse,Poor,Furnished,721642.49
260,1798.71,4,32,Suburban,Bungalow,Poor,Unfurnished,381331.5
261,4887.87,4,23,Suburban,Bungalow,Average,Unfurnished,860298.37
262,681.15,1,8,Rural,Bungalow,Excellent,Furnished,232907.94
263,2556.45,5,57,Rural,Villa,Good,Furnished,529531.1
264,3274.25,3,37,Suburban,Townhouse,Good,Semi-Furnished,635801.1
265,4170.87,3,21,Rural,Apartment,Excellent,Furnished,754760.42
266,4424.45,6,1,Rural,Townhouse,Good,Furnished,863877.39
267,4023.07,5,36,Urban,Apartment,Excellent,Unfurnished,758022.43
268,3985.73,4,9,Rural,Villa,Poor,Furnished,749720.27
269,4766.92,1,12,Urban,Townhouse,Good,Semi-Furnished,879550.27
270,2346.7,5,58,Suburban,Apartment,Average,Furnished,483581.66
271,1433.04,3,42,Suburban,Townhouse,Good,Unfurnished,330797.35
272,2958.23,6,49,Rural,Bungalow,Excellent,Unfurnished,583010.3
273,4808.02,3,35,Suburban,Villa,Good,Semi-Furnished,876778.63
274,2700.51,4,22,Rural,Bungalow,Good,Unfurnished,519717.07
275,3080.65,5,24,Suburban,Bungalow,Average,Semi-Furnished,632150.64
276,855.63,4,41,Suburban,Townhouse,Average,Unfurnished,257755.24
277,4225.78,3,59,Rural,Bungalow,Average,Unfurnished,700718.31
278,1591.06,6,57,Rural,Villa,Average,Unfurnished,362990.96
279,950.89,3,45,Suburban,Apartment,Average,Unfurnished,260178
280,1210.73,6,59,Suburban,Townhouse,Average,Semi-Furnished,314525.29
281,1945.25,6,3,Urban,Villa,Poor,Unfurnished,481119.61
282,4702.65,1,53,Suburban,Townhouse,Average,Furnished,813522.9
283,4829.59,3,56,Urban,Apartment,Good,Furnished,844965.02
284,2007.69,4,41,Rural,Townhouse,Average,Furnished,410295.49
285,2606.09,2,51,Urban,Bungalow,Average,Furnished,512147.92
286,1337.9,6,21,Suburban,Villa,Average,Furnished,398460.15
287,4352.66,4,52,Suburban,Bungalow,Poor,Semi-Furnished,756814.52
288,1132.75,3,59,Urban,Apartment,Good,Semi-Furnished,290242.87
289,1559.85,3,21,Suburban,Apartment,Good,Furnished,373445.87
290,3505.04,4,19,Urban,Townhouse,Good,Furnished,720092.7
291,1028.37,3,23,Rural,Villa,Average,Unfurnished,274124.16
292,4949.77,3,26,Rural,Townhouse,Average,Unfurnished,849870.01
293,3561.54,5,55,Urban,Townhouse,Good,Unfurnished,692618.27
294,4229.48,5,12,Rural,Villa,Average,Semi-Furnished,797882.73
295,4345.19,4,7,Rural,Villa,Excellent,Unfurnished,834171.19
296,750.36,2,32,Suburban,Townhouse,Poor,Furnished,222798.58
297,2580.7,3,46,Urban,Townhouse,Good,Unfurnished,529027.89
298,703.8,3,44,Urban,Apartment,Poor,Semi-Furnished,207860.5
299,642.81,4,11,Urban,Townhouse,Good,Semi-Furnished,267692.94
300,2198.73,1,43,Rural,Villa,Good,Unfurnished,440082.47
301,1303.13,5,25,Rural,Villa,Average,Unfurnished,343329.99
302,2583.52,6,34,Suburban,Townhouse,Average,Unfurnished,515176.57
303,2572.81,2,17,Urban,Apartment,Poor,Furnished,506403.65
304,4476.9,1,15,Urban,Apartment,Poor,Furnished,802161.14
305,651.09,5,43,Rural,Apartment,Average,Furnished,219534.55
306,2928.92,1,8,Rural,Bungalow,Average,Furnished,553298.01
307,3092.5,5,38,Rural,Bungalow,Average,Semi-Furnished,600091.79
308,2845.63,4,19,Suburban,Apartment,Average,Furnished,553288.4
309,3554.38,5,31,Urban,Bungalow,Excellent,Furnished,726882.19
310,1171.48,4,11,Rural,Townhouse,Average,Unfurnished,311461.38
311,1853.31,6,9,Suburban,Apartment,Excellent,Semi-Furnished,460778.69
312,1592.86,2,21,Rural,Apartment,Excellent,Semi-Furnished,354616.94
313,916.09,6,53,Urban,Apartment,Good,Semi-Furnished,291996.56
314,4431.29,2,51,Rural,Villa,Excellent,Unfurnished,775247.05
315,4412.63,3,19,Urban,Villa,Average,Furnished,873024.04
316,2655.14,2,44,Rural,Villa,Excellent,Unfurnished,545250.05
317,2984.36,3,24,Suburban,Bungalow,Good,Semi-Furnished,579923.03
318,2597.02,6,30,Suburban,Villa,Good,Semi-Furnished,595340.79
319,2362.69,5,55,Urban,Villa,Poor,Semi-Furnished,503396.43
320,3740.05,3,9,Urban,Bungalow,Average,Semi-Furnished,720324.2
321,3064.05,2,31,Rural,Bungalow,Good,Semi-Furnished,578016.56
322,2707.68,2,46,Suburban,Villa,Average,Furnished,539957.78
323,2959.46,2,58,Rural,Apartment,Poor,Unfurnished,498704.74
324,3939.52,4,8,Rural,Villa,Poor,Furnished,741515.81
325,1179.63,2,32,Suburban,Bungalow,Poor,Furnished,275254.28
326,4607.38,6,31,Urban,Apartment,Excellent,Unfurnished,858109.93
327,575.27,6,17,Rural,Bungalow,Poor,Furnished,233320.11
328,4127.75,2,6,Urban,Villa,Average,Unfurnished,780314.9
329,3289.01,3,52,Suburban,Bungalow,Excellent,Unfurnished,612048.62
330,3042.51,6,14,Suburban,Apartment,Poor,Unfurnished,601020.75
331,2323.75,4,35,Suburban,Apartment,Poor,Furnished,471027.43
332,2452.59,3,36,Urban,Apartment,Average,Unfurnished,499380.12
333,4555.73,6,56,Rural,Townhouse,Good,Unfurnished,818356.27
334,1761.68,5,36,Rural,Apartment,Average,Semi-Furnished,369878.74
335,570.46,2,37,Urban,Townhouse,Poor,Semi-Furnished,212070.87
336,4255.93,4,43,Rural,Bungalow,Excellent,Furnished,781047.75
337,1129.78,6,46,Urban,Bungalow,Poor,Unfurnished,298564.2
338,2032.67,5,38,Suburban,Bungalow,Poor,Furnished,446384.86
339,1729.97,4,31,Urban,Bungalow,Excellent,Semi-Furnished,442869.07
340,2210.33,5,18,Urban,Apartment,Poor,Semi-Furnished,494918.05
341,1193.99,6,50,Rural,Villa,Excellent,Semi-Furnished,345852.4
342,4743.32,4,23,Suburban,Apartment,Average,Unfurnished,837788.88
343,1343.26,4,35,Rural,Townhouse,Poor,Unfurnished,307088.26
344,3186.16,3,55,Suburban,Apartment,Good,Semi-Furnished,591352.41
345,2245.1,1,46,Rural,Villa,Average,Furnished,439762.68
346,1855.09,4,9,Urban,Villa,Excellent,Semi-Furnished,503043.08
347,2394.96,4,50,Urban,Bungalow,Good,Unfurnished,501541.68
348,3275.01,4,6,Urban,Bungalow,Poor,Semi-Furnished,645245.26
349,1994.98,5,24,Suburban,Townhouse,Good,Semi-Furnished,473385.11
350,4884.01,2,19,Suburban,Villa,Excellent,Semi-Furnished,891874.21
351,1299.37,4,20,Suburban,Townhouse,Average,Semi-Furnished,333419.72
352,2268.21,1,59,Rural,Villa,Average,Furnished,446379.14
353,3954.28,1,60,Rural,Townhouse,Average,Semi-Furnished,664596.57
354,811.21,4,43,Suburban,Villa,Good,Unfurnished,261861.51
355,1637.07,2,45,Suburban,Townhouse,Poor,Semi-Furnished,351683.52
356,2303.62,5,59,Rural,Townhouse,Poor,Semi-Furnished,440809.34
357,3657.35,5,38,Rural,Apartment,Poor,Unfurnished,634093.21
358,3411.5,1,36,Rural,Townhouse,Good,Semi-Furnished,603660.49
359,976.75,1,16,Urban,Villa,Excellent,Semi-Furnished,322045.44
360,3148.65,5,9,Suburban,Apartment,Excellent,Unfurnished,649794.77
361,1829.44,1,7,Rural,Villa,Good,Semi-Furnished,408081.82
362,2845.02,3,30,Urban,Townhouse,Excellent,Semi-Furnished,613436.3
363,802.28,1,51,Rural,Apartment,Poor,Semi-Furnished,160347.69
364,1239.59,6,15,Rural,Villa,Average,Semi-Furnished,349297.43
365,3019.32,4,14,Suburban,Villa,Average,Furnished,630282.42
366,3818.25,2,28,Rural,Townhouse,Excellent,Unfurnished,684633.07
367,3671.31,2,17,Rural,Apartment,Poor,Furnished,645838.14
368,2558.98,3,42,Suburban,Bungalow,Excellent,Furnished,538802.89
369,2266.45,1,22,Suburban,Townhouse,Average,Furnished,463532.19
370,3265.18,1,43,Urban,Bungalow,Poor,Unfurnished,578910.19
371,1874.21,2,23,Rural,Villa,Excellent,Semi-Furnished,423131.08
372,2403.67,4,40,Rural,Villa,Average,Semi-Furnished,487592.34
373,1799.76,2,20,Suburban,Apartment,Good,Unfurnished,382717.45
374,2227.75,5,32,Rural,Townhouse,Excellent,Furnished,496071.45
375,2712.77,6,53,Suburban,Townhouse,Average,Unfurnished,528440.88
376,1492.38,1,17,Urban,Bungalow,Average,Semi-Furnished,354560.26
377,3045.43,4,35,Rural,Apartment,Poor,Semi-Furnished,549154.98
378,2150.88,1,48,Rural,Townhouse,Average,Semi-Furnished,384522.4
379,960.87,6,48,Urban,Bungalow,Poor,Semi-Furnished,292449.39
380,891.42,1,49,Urban,Villa,Good,Furnished,305389.03
381,3246.18,4,10,Rural,Villa,Average,Unfurnished,639475.14
382,2895.26,5,34,Urban,Bungalow,Good,Semi-Furnished,599318.59
383,3077.31,5,57,Rural,Apartment,Average,Semi-Furnished,577828.66
384,4401.71,2,44,Urban,Villa,Average,Furnished,805833.28
385,1949.44,2,48,Rural,Townhouse,Excellent,Unfurnished,389421.12
386,2364.01,4,4,Rural,Apartment,Excellent,Furnished,510442.52
387,3874.11,6,59,Suburban,Townhouse,Excellent,Semi-Furnished,728880.9
388,4312.25,1,46,Suburban,Bungalow,Poor,Furnished,728095.25
389,2289.72,4,52,Urban,Townhouse,Good,Semi-Furnished,502290.56
390,3100.7,5,54,Suburban,Bungalow,Poor,Unfurnished,565504.3
391,948.09,4,1,Urban,Villa,Excellent,Semi-Furnished,390559.48
392,1410.43,6,58,Urban,Bungalow,Average,Semi-Furnished,365250.06
393,920.03,3,16,Urban,Bungalow,Average,Unfurnished,281771.66
394,3647.49,2,27,Rural,Apartment,Poor,Unfurnished,619664.77
395,1460.4,1,8,Rural,Villa,Excellent,Unfurnished,370990.95
396,1042.67,4,44,Urban,Townhouse,Poor,Unfurnished,286572.19
397,2223.81,6,51,Urban,Apartment,Good,Semi-Furnished,497957.27
398,3980.57,2,41,Rural,Villa,Poor,Furnished,702330.9
399,3034.81,5,41,Urban,Townhouse,Good,Furnished,640478.34
400,4639.52,5,43,Suburban,Villa,Poor,Unfurnished,849459.29
401,1130.06,1,37,Rural,Townhouse,Good,Semi-Furnished,265177.74
402,1746.35,1,15,Rural,Bungalow,Poor,Furnished,359987.69
403,4441.22,2,33,Rural,Villa,Excellent,Semi-Furnished,800282.98
404,4072,2,31,Suburban,Apartment,Average,Semi-Furnished,704873.94
405,3371.37,1,33,Urban,Bungalow,Good,Unfurnished,621721.08
406,2393.89,5,43,Urban,Townhouse,Poor,Unfurnished,509661.13
407,3143.14,1,16,Urban,Apartment,Poor,Semi-Furnished,575421.46
408,2754.72,4,27,Rural,Townhouse,Poor,Furnished,532140.47
409,2914.54,5,9,Suburban,Apartment,Good,Unfurnished,588602.47
410,4136.27,5,20,Suburban,Apartment,Good,Furnished,784057.82
411,2468.69,2,3,Urban,Apartment,Excellent,Unfurnished,523409.57
412,1891.81,6,42,Rural,Villa,Poor,Unfurnished,418337.04
413,3685.55,6,0,Urban,Townhouse,Good,Furnished,763043.72
414,1666.61,3,8,Rural,Bungalow,Poor,Unfurnished,351984.87
415,2007.55,4,17,Rural,Apartment,Good,Furnished,448638.01
416,2732.66,5,23,Urban,Townhouse,Average,Semi-Furnished,584743.68
417,1207.89,1,57,Rural,Apartment,Average,Furnished,241186.2
418,4383.18,2,2,Suburban,Bungalow,Excellent,Unfurnished,811743.94
419,1305.32,1,35,Rural,Townhouse,Average,Semi-Furnished,282992.24
420,1939.71,1,36,Suburban,Apartment,Poor,Unfurnished,379955.08
421,1504.33,5,2,Suburban,Apartment,Excellent,Semi-Furnished,409065.97
422,888.73,4,0,Suburban,Villa,Good,Furnished,331483.63
423,4030.28,6,39,Urban,Townhouse,Good,Furnished,825879.43
424,3991.49,6,57,Rural,Villa,Average,Unfurnished,725202.86
425,4695.79,1,14,Rural,Bungalow,Poor,Semi-Furnished,802875.98
426,4320.53,6,19,Urban,Villa,Average,Semi-Furnished,857987.05
427,2714.13,1,9,Rural,Bungalow,Poor,Unfurnished,504941.37
428,2838.92,6,57,Suburban,Townhouse,Poor,Furnished,553135.61
429,930.1,2,40,Suburban,Apartment,Poor,Semi-Furnished,223301.28
430,1812.54,3,59,Suburban,Bungalow,Good,Semi-Furnished,383071.4
431,1723.8,1,60,Urban,Villa,Poor,Unfurnished,372455.32
432,1913.15,1,34,Suburban,Villa,Excellent,Semi-Furnished,444159.03
433,2585.06,1,5,Urban,Bungalow,Poor,Unfurnished,517424.19
434,910.46,2,22,Suburban,Apartment,Good,Semi-Furnished,254852.9
435,4190.4,2,1,Suburban,Townhouse,Average,Unfurnished,750728.27
436,1129.07,1,3,Urban,Villa,Average,Semi-Furnished,345371.84
437,2175.08,6,60,Rural,Apartment,Good,Unfurnished,435155.34
438,4561.23,4,51,Urban,Apartment,Good,Unfurnished,817783.31
439,692.13,4,3,Urban,Townhouse,Excellent,Semi-Furnished,322342.07
440,1277.63,2,58,Urban,Bungalow,Good,Semi-Furnished,319478.68
441,4475.41,1,39,Rural,Villa,Good,Semi-Furnished,778500.09
442,774.41,3,24,Urban,Townhouse,Average,Furnished,285276.45
443,4480.94,5,15,Rural,Apartment,Excellent,Furnished,825789.02
444,2681.06,5,32,Suburban,Townhouse,Good,Unfurnished,563325.04
445,617.28,5,14,Urban,Bungalow,Poor,Semi-Furnished,245972.92
446,4998.23,2,6,Urban,Villa,Good,Furnished,947424.25
447,4173.28,6,3,Urban,Townhouse,Good,Unfurnished,837392.52
448,4127.95,6,22,Rural,Apartment,Good,Furnished,781177.31
449,3036.23,5,60,Urban,Townhouse,Good,Unfurnished,602961.13
450,1546.81,2,1,Rural,Townhouse,Poor,Semi-Furnished,344430.47
451,4630.53,2,51,Urban,Bungalow,Average,Semi-Furnished,817989.59
452,3671.13,2,49,Urban,Bungalow,Poor,Semi-Furnished,661122.82
453,3670.42,6,25,Rural,Apartment,Good,Semi-Furnished,682945.29
454,3795.58,4,50,Rural,Townhouse,Good,Unfurnished,697937.01
455,3682.32,5,44,Rural,Bungalow,Average,Furnished,670936.15
456,1880.7,6,18,Urban,Villa,Poor,Furnished,486070.89
457,4769.14,4,54,Rural,Apartment,Average,Furnished,804122.8
458,3251.22,6,36,Urban,Townhouse,Average,Semi-Furnished,677119
459,3854.04,2,22,Suburban,Villa,Poor,Furnished,715277.34
460,2010.87,1,16,Urban,Villa,Poor,Semi-Furnished,440496.46
461,1654.96,1,46,Urban,Apartment,Excellent,Semi-Furnished,373140.12
462,4480.48,4,56,Suburban,Bungalow,Excellent,Unfurnished,782301.65
463,4229.63,5,41,Rural,Villa,Average,Semi-Furnished,790483.27
464,1827.09,3,16,Urban,Apartment,Good,Unfurnished,432173.93
465,4495.69,2,46,Urban,Apartment,Good,Furnished,824402.76
466,3670.27,4,60,Rural,Villa,Excellent,Unfurnished,681977.26
467,741,3,13,Urban,Townhouse,Good,Furnished,294590.61
468,723.36,5,35,Suburban,Villa,Poor,Semi-Furnished,269280.81
469,517.17,1,18,Rural,Townhouse,Average,Unfurnished,175008.41
470,1813.15,1,30,Urban,Bungalow,Excellent,Semi-Furnished,422760.88
471,2700.94,6,16,Urban,Townhouse,Average,Semi-Furnished,603119.34
472,2505.99,3,28,Suburban,Bungalow,Average,Semi-Furnished,498435.91
473,3039.11,2,48,Rural,Apartment,Poor,Furnished,517914.21
474,4868.17,5,14,Rural,Apartment,Excellent,Furnished,899330.41
475,2383.84,5,43,Suburban,Villa,Excellent,Semi-Furnished,557366.23
476,3714.38,5,36,Rural,Villa,Poor,Semi-Furnished,699578.49
477,1277.96,2,13,Urban,Villa,Poor,Semi-Furnished,364981.75
478,1408.64,6,9,Rural,Bungalow,Good,Furnished,389829.76
479,4613.78,1,5,Suburban,Townhouse,Good,Semi-Furnished,817347.61
480,555.64,6,39,Rural,Townhouse,Poor,Semi-Furnished,202942.78
481,1173.39,5,37,Rural,Apartment,Poor,Furnished,285000.36
482,4403.64,3,56,Suburban,Bungalow,Excellent,Furnished,783944.62
483,2685.13,5,30,Urban,Villa,Good,Semi-Furnished,612548.19
484,3621.48,1,25,Suburban,Villa,Poor,Furnished,682832.15
485,2638.48,3,57,Suburban,Apartment,Good,Semi-Furnished,496421.12
486,4362.06,6,6,Urban,Villa,Good,Furnished,908784.7
487,2494,3,17,Rural,Townhouse,Poor,Unfurnished,458976.15
488,2332.27,4,48,Rural,Bungalow,Poor,Furnished,453777.47
489,4061.71,1,19,Rural,Townhouse,Average,Furnished,718464.45
490,1367.44,2,53,Urban,Villa,Poor,Semi-Furnished,334382.69
491,727.52,3,45,Urban,Bungalow,Good,Semi-Furnished,243769.49
492,1057.43,1,15,Suburban,Townhouse,Excellent,Unfurnished,297248.52
493,4822.34,4,37,Rural,Bungalow,Good,Unfurnished,840990.1
494,4238.92,1,18,Urban,Townhouse,Poor,Unfurnished,751163.71
495,4342.2,2,54,Urban,Villa,Average,Semi-Furnished,787564.73
496,4390.83,6,0,Suburban,Villa,Average,Furnished,863801.67
497,4103.89,2,16,Rural,Bungalow,Good,Semi-Furnished,747159.98
498,2565.49,2,29,Suburban,Townhouse,Poor,Unfurnished,477083.33
499,2801.81,6,53,Suburban,Bungalow,Good,Furnished,580132.35
500,4947.62,6,20,Suburban,Bungalow,Good,Unfurnished,911968.42
501,1174.68,2,57,Urban,Townhouse,Good,Furnished,316760.64
502,2738.18,3,16,Suburban,Townhouse,Excellent,Furnished,586326.29
503,658.94,6,36,Urban,Bungalow,Average,Furnished,264347.17
504,4579.37,6,22,Rural,Bungalow,Average,Furnished,834277.51
505,4444.23,2,18,Urban,Townhouse,Average,Furnished,824444.38
506,3933.13,2,60,Rural,Bungalow,Poor,Unfurnished,656489.78
507,2098.78,6,55,Suburban,Townhouse,Good,Semi-Furnished,467374.39
508,4330.46,4,3,Rural,Apartment,Excellent,Unfurnished,799830.48
509,2752.15,6,24,Rural,Bungalow,Excellent,Unfurnished,572771.23
510,4965.57,3,26,Rural,Townhouse,Average,Semi-Furnished,855718.09
511,4380.77,2,49,Urban,Townhouse,Good,Furnished,809828.73
512,761.06,4,17,Urban,Villa,Average,Semi-Furnished,304977.33
513,4033.45,1,8,Rural,Townhouse,Excellent,Semi-Furnished,729394.86
514,521.01,5,12,Rural,Bungalow,Poor,Semi-Furnished,210482.46
515,3905.81,5,12,Urban,Apartment,Average,Unfurnished,745717.55
516,1080.19,4,32,Rural,Bungalow,Average,Unfurnished,261535.77
517,4207.3,3,60,Suburban,Townhouse,Good,Semi-Furnished,770132.84
518,2042.3,4,22,Urban,Villa,Excellent,Unfurnished,492734.02
519,1527.88,6,8,Urban,Apartment,Average,Unfurnished,397023.73
520,668.14,6,16,Rural,Apartment,Poor,Furnished,242045.63
521,986.51,1,3,Rural,Apartment,Excellent,Semi-Furnished,262223.59
522,2634.78,2,13,Rural,Apartment,Good,Semi-Furnished,513699.81
523,3477.49,6,33,Suburban,Villa,Excellent,Unfurnished,705158.84
524,1772.18,1,31,Urban,Villa,Good,Furnished,435220.19
525,4879.04,3,45,Suburban,Bungalow,Average,Unfurnished,821083.03
526,3596.92,4,21,Urban,Apartment,Poor,Furnished,683504.18
527,900.51,1,53,Rural,Townhouse,Average,Unfurnished,200259.39
528,3756.09,3,41,Urban,Townhouse,Good,Semi-Furnished,714507.7
529,2589.25,1,52,Urban,Apartment,Good,Semi-Furnished,500994.39
530,3823.43,1,54,Urban,Apartment,Average,Furnished,671747.23
531,3412.39,3,22,Suburban,Bungalow,Poor,Semi-Furnished,634276.68
532,2303.5,4,17,Suburban,Townhouse,Excellent,Furnished,524258.38
533,4487.56,2,7,Urban,Apartment,Average,Unfurnished,800294.37
534,4110.19,6,28,Urban,Townhouse,Good,Furnished,824512.58
535,629.67,6,56,Rural,Villa,Excellent,Semi-Furnished,264897.75
536,706.88,3,41,Suburban,Apartment,Average,Furnished,226597.42
537,4429.15,5,33,Rural,Apartment,Excellent,Furnished,808631.37
538,3486.7,6,24,Urban,Apartment,Poor,Furnished,680728.67
539,4704.67,5,54,Suburban,Townhouse,Average,Unfurnished,829563.7
540,1989.03,3,3,Rural,Villa,Excellent,Semi-Furnished,467920.29
541,4176.96,1,29,Suburban,Townhouse,Poor,Semi-Furnished,722542.6
542,2738.18,6,1,Urban,Townhouse,Excellent,Unfurnished,632240.04
543,3007.09,1,52,Urban,Bungalow,Average,Furnished,558178.15
544,2135.04,1,52,Urban,Townhouse,Good,Furnished,436389.03
545,3953.37,5,30,Rural,Bungalow,Excellent,Unfurnished,744608.03
546,509.89,3,53,Rural,Bungalow,Good,Furnished,190826.6
547,978.45,2,31,Urban,Townhouse,Poor,Semi-Furnished,271012.35
548,4685.97,4,13,Suburban,Villa,Good,Unfurnished,878187.71
549,3907.17,1,59,Rural,Apartment,Excellent,Semi-Furnished,651990.68
550,1105.86,4,0,Rural,Apartment,Excellent,Furnished,311089.36
551,2673.19,5,49,Urban,Villa,Average,Unfurnished,560541.47
552,4472.13,5,56,Suburban,Townhouse,Average,Semi-Furnished,808063.04
553,2290.41,3,18,Suburban,Villa,Average,Semi-Furnished,490818.83
554,2805.33,6,35,Suburban,Villa,Average,Unfurnished,579778.33
555,3308.75,3,43,Suburban,Villa,Average,Furnished,633928.83
556,3696.59,3,35,Suburban,Townhouse,Good,Semi-Furnished,690484.34
557,4137.37,5,6,Urban,Townhouse,Average,Unfurnished,800239.01
558,3875.83,2,18,Rural,Bungalow,Average,Unfurnished,674288.36
559,3607.68,3,13,Rural,Apartment,Good,Semi-Furnished,675628.59
560,3827.72,2,47,Rural,Townhouse,Average,Furnished,679223.49
561,4029.38,6,18,Rural,Apartment,Excellent,Semi-Furnished,751806.42
562,3583.17,5,3,Urban,Bungalow,Average,Furnished,740129.78
563,4409.82,4,53,Urban,Bungalow,Average,Furnished,813583.5
564,1298.42,6,4,Urban,Villa,Poor,Semi-Furnished,403077.2
565,682.85,3,35,Suburban,Villa,Average,Furnished,257910.45
566,2598.49,2,2,Urban,Bungalow,Poor,Furnished,543472.51
567,3270.24,6,19,Suburban,Bungalow,Poor,Furnished,649003.94
568,1327.41,1,50,Rural,Villa,Excellent,Furnished,331245.53
569,2916.66,1,22,Urban,Villa,Good,Semi-Furnished,603297.08
570,3886.95,5,30,Rural,Apartment,Poor,Furnished,699352.3
571,2057.03,2,57,Rural,Villa,Poor,Furnished,409857.15
572,4082.93,1,24,Suburban,Bungalow,Poor,Furnished,714078.97
573,4199.49,3,32,Rural,Townhouse,Excellent,Unfurnished,751982.3
574,1941.41,1,60,Urban,Villa,Poor,Furnished,425336.86
575,794.62,6,40,Urban,Townhouse,Poor,Unfurnished,260080.66
576,4893.01,4,41,Urban,Villa,Poor,Semi-Furnished,891223.12
577,3725.91,1,5,Urban,Apartment,Average,Semi-Furnished,685110.83
578,1524.41,3,26,Suburban,Townhouse,Excellent,Semi-Furnished,383126.52
579,1923.82,4,43,Urban,Apartment,Poor,Furnished,409498.9
580,826.65,5,6,Suburban,Bungalow,Poor,Semi-Furnished,270829.69
581,3943.73,4,24,Suburban,Apartment,Excellent,Unfurnished,734122.74
582,2259.47,5,18,Rural,Villa,Good,Furnished,518616.21
583,4491.4,6,41,Suburban,Apartment,Average,Unfurnished,812985.35
584,2273.37,5,60,Urban,Bungalow,Average,Furnished,493712.41
585,3836.44,6,22,Urban,Townhouse,Average,Unfurnished,759331.38
586,1637.34,1,11,Rural,Apartment,Excellent,Furnished,378943.29
587,2973.49,3,42,Urban,Bungalow,Poor,Unfurnished,561010.96
588,1988.83,2,42,Rural,Villa,Poor,Semi-Furnished,388587.24
589,3287.82,2,20,Suburban,Townhouse,Good,Furnished,635543.42
590,1185.78,5,23,Suburban,Townhouse,Average,Unfurnished,316103.8
591,1909.47,2,45,Rural,Townhouse,Good,Semi-Furnished,396060.31
592,4450.49,4,28,Suburban,Bungalow,Excellent,Furnished,846887.69
593,989.75,6,38,Urban,Bungalow,Average,Furnished,330359.5
594,3319.78,6,4,Urban,Apartment,Excellent,Furnished,729047.96
595,1457.42,1,35,Suburban,Townhouse,Average,Semi-Furnished,312456.09
596,3153.2,3,8,Suburban,Apartment,Excellent,Semi-Furnished,641120.9
597,2759.75,6,15,Rural,Villa,Average,Semi-Furnished,592546.39
598,3046.16,2,47,Rural,Townhouse,Good,Unfurnished,557028.51
599,1484.69,4,14,Urban,Bungalow,Good,Unfurnished,400752.97
600,4584.77,3,24,Suburban,Townhouse,Poor,Unfurnished,804962.53
601,4912.65,3,6,Rural,Bungalow,Good,Furnished,877344.01
602,3441.54,3,37,Rural,Apartment,Good,Semi-Furnished,617271.01
603,4877.03,2,33,Suburban,Bungalow,Good,Semi-Furnished,861580.22
604,529.69,2,28,Urban,Villa,Poor,Furnished,221938.45
605,3395.65,2,9,Urban,Villa,Good,Furnished,706328.44
606,1536.56,3,46,Urban,Townhouse,Excellent,Semi-Furnished,388753.46
607,1448.17,2,41,Suburban,Apartment,Average,Unfurnished,313865.13
608,1106.26,5,2,Rural,Villa,Poor,Unfurnished,327053.37
609,1662.17,2,33,Suburban,Apartment,Good,Unfurnished,359202.19
610,2621.36,4,10,Urban,Townhouse,Average,Furnished,588890.79
611,4192.04,2,39,Rural,Bungalow,Average,Furnished,718484.78
612,3184.4,1,14,Suburban,Townhouse,Average,Unfurnished,576834.69
613,574.53,5,55,Rural,Townhouse,Average,Furnished,212658.51
614,3266.37,1,56,Rural,Apartment,Poor,Semi-Furnished,538327.94
615,3467.27,5,34,Urban,Townhouse,Excellent,Semi-Furnished,720630.31
616,2430.3,4,50,Suburban,Bungalow,Poor,Semi-Furnished,463785.87
617,1102.47,4,49,Urban,Apartment,Good,Furnished,322032.93
618,1350.59,6,47,Urban,Apartment,Poor,Semi-Furnished,337254.77
619,3445.46,6,51,Suburban,Townhouse,Good,Unfurnished,671562.09
620,1641.35,5,27,Rural,Bungalow,Good,Furnished,404201.61
621,2288.54,2,26,Rural,Townhouse,Average,Semi-Furnished,438908.34
622,4948.29,5,22,Rural,Townhouse,Average,Furnished,884305.68
623,1035.89,2,28,Rural,Villa,Poor,Unfurnished,243953.02
624,4103.84,5,44,Rural,Apartment,Average,Semi-Furnished,719639.79
625,4840.57,1,51,Urban,Villa,Excellent,Furnished,889610.71
626,1497.97,1,38,Urban,Townhouse,Excellent,Furnished,382445.46
627,3452.79,3,45,Rural,Apartment,Average,Furnished,608745.21
628,4327.55,5,18,Urban,Apartment,Average,Furnished,822774.03
629,1262.67,1,23,Urban,Apartment,Average,Unfurnished,316912.39
630,2089.07,4,25,Rural,Villa,Poor,Furnished,454082.25
631,3666.3,1,35,Suburban,Bungalow,Good,Semi-Furnished,666994.01
632,2546.42,4,36,Urban,Bungalow,Average,Semi-Furnished,553482.86
633,2778.07,5,4,Rural,Bungalow,Good,Unfurnished,574056.87
634,4442.51,5,16,Rural,Townhouse,Excellent,Furnished,821628.1
635,2676.33,2,48,Suburban,Townhouse,Excellent,Furnished,545987.54
636,1660.19,4,40,Urban,Villa,Good,Semi-Furnished,427033.63
637,4799.51,5,34,Urban,Bungalow,Average,Semi-Furnished,892712.48
638,4194.84,1,35,Urban,Townhouse,Good,Semi-Furnished,774831.41
639,1483.55,5,17,Urban,Villa,Excellent,Furnished,459989.88
640,4427.34,2,14,Urban,Villa,Good,Unfurnished,854299.88
641,4005.22,1,58,Urban,Townhouse,Poor,Furnished,720374.08
642,2170.38,3,31,Rural,Bungalow,Excellent,Unfurnished,442705.78
643,4929.78,5,17,Suburban,Villa,Average,Unfurnished,904584.34
644,4728.44,1,32,Suburban,Townhouse,Average,Semi-Furnished,817314.89
645,4894.28,6,33,Suburban,Bungalow,Poor,Unfurnished,864154.99
646,953.37,3,39,Suburban,Villa,Good,Unfurnished,283862.6
647,1712.34,5,21,Suburban,Villa,Excellent,Semi-Furnished,462101.01
648,2175.39,4,17,Suburban,Villa,Average,Furnished,517754.68
649,3587.05,1,46,Suburban,Villa,Excellent,Semi-Furnished,685029.35
650,3823.44,4,51,Urban,Villa,Excellent,Semi-Furnished,775253.41
651,1105.12,6,33,Rural,Bungalow,Excellent,Semi-Furnished,323271.18
652,714.69,1,44,Urban,Apartment,Average,Semi-Furnished,227824.08
653,2644.43,6,6,Suburban,Bungalow,Good,Semi-Furnished,577337.7
654,4145.07,3,1,Suburban,Apartment,Good,Furnished,788819.17
655,4834.02,2,36,Rural,Villa,Good,Semi-Furnished,848957.27
656,3986.35,4,56,Urban,Townhouse,Good,Semi-Furnished,758669.52
657,3342.7,2,55,Urban,Bungalow,Excellent,Furnished,643202.06
658,4581.83,1,10,Suburban,Villa,Good,Semi-Furnished,840989.47
659,3438.56,6,17,Rural,Townhouse,Good,Semi-Furnished,682840.64
660,3865.53,5,28,Suburban,Villa,Average,Unfurnished,725878.28
661,1062.68,2,42,Suburban,Apartment,Average,Unfurnished,244940.94
662,4715.57,4,35,Urban,Apartment,Excellent,Furnished,883496.45
663,3942.48,1,6,Suburban,Villa,Poor,Furnished,744800.83
664,1532.1,6,18,Suburban,Villa,Average,Furnished,425101.15
665,4273.33,1,2,Rural,Bungalow,Good,Semi-Furnished,745554.66
666,4706.86,5,28,Urban,Villa,Excellent,Furnished,933942.15
667,3870.1,5,27,Rural,Bungalow,Good,Semi-Furnished,706902.98
668,2488.37,3,26,Suburban,Villa,Good,Unfurnished,527888.95
669,500.42,2,22,Suburban,Townhouse,Poor,Furnished,215573.89
670,2646.8,1,49,Suburban,Bungalow,Average,Unfurnished,470703.52
671,2966.95,2,26,Rural,Townhouse,Excellent,Unfurnished,572021.35
672,2253.75,4,14,Suburban,Apartment,Excellent,Furnished,520045.59
673,1578.03,5,51,Rural,Bungalow,Good,Furnished,365257.98
674,2358.07,1,11,Urban,Bungalow,Poor,Furnished,476372.43
675,2549.04,4,17,Rural,Townhouse,Average,Semi-Furnished,516289.71
676,2907.37,2,6,Suburban,Bungalow,Average,Furnished,579615.81
677,2472.87,1,14,Urban,Villa,Poor,Semi-Furnished,524440.48
678,4035.76,4,23,Suburban,Apartment,Good,Unfurnished,749140.47
679,4295.96,2,3,Suburban,Townhouse,Poor,Furnished,777858.9
680,4286.93,4,53,Urban,Apartment,Average,Semi-Furnished,771614.17
681,3970.51,4,15,Rural,Apartment,Average,Semi-Furnished,713249.23
682,3497.04,2,30,Suburban,Bungalow,Good,Unfurnished,641017.22
683,3331.24,1,47,Rural,Apartment,Good,Semi-Furnished,570653.55
684,4493.84,6,13,Urban,Villa,Excellent,Semi-Furnished,908604.56
685,567.8,3,37,Urban,Townhouse,Average,Unfurnished,232921.46
686,3608.38,6,38,Urban,Bungalow,Poor,Unfurnished,688803.71
687,1209.64,1,43,Rural,Bungalow,Poor,Unfurnished,234199.22
688,2913.59,1,8,Suburban,Villa,Good,Furnished,609284
689,4048.53,3,51,Suburban,Villa,Poor,Furnished,728240.84
690,1628.13,1,31,Rural,Townhouse,Good,Furnished,363342.16
691,3636.67,2,36,Urban,Bungalow,Good,Furnished,680927.37
692,3194.06,5,10,Urban,Villa,Excellent,Semi-Furnished,713283.09
693,4187.38,5,23,Suburban,Apartment,Excellent,Furnished,802319.88
694,4355.73,5,15,Suburban,Apartment,Excellent,Unfurnished,818788.92
695,2858.31,4,49,Rural,Villa,Good,Semi-Furnished,560596.01
696,933.15,6,4,Urban,Villa,Average,Unfurnished,357559.06
697,1409.36,4,12,Urban,Apartment,Excellent,Furnished,392637.41
698,3156.35,1,23,Urban,Apartment,Poor,Unfurnished,575761.41
699,3450.87,1,29,Rural,Apartment,Good,Furnished,613741.22
700,4199.12,6,3,Rural,Bungalow,Poor,Furnished,766658.53
701,816.75,3,4,Urban,Apartment,Poor,Furnished,276251.61
702,1369.04,6,15,Rural,Villa,Excellent,Furnished,418192.58
703,974.81,6,36,Suburban,Townhouse,Excellent,Unfurnished,320940.66
704,2307.01,3,42,Urban,Townhouse,Good,Semi-Furnished,503823.85
705,2975.37,3,54,Suburban,Townhouse,Excellent,Furnished,587461.71
706,2955.32,4,49,Rural,Bungalow,Good,Semi-Furnished,561414.02
707,2513.75,4,0,Rural,Apartment,Good,Furnished,531349.9
708,4506.46,1,19,Urban,Villa,Good,Unfurnished,840209.71
709,3971.85,6,52,Suburban,Villa,Poor,Unfurnished,734660.2
710,1692.45,5,15,Urban,Bungalow,Good,Unfurnished,437016.16
711,3067.19,5,58,Urban,Apartment,Good,Semi-Furnished,612642.4
712,3603.18,5,52,Urban,Bungalow,Poor,Furnished,698110.33
713,4137.54,4,5,Urban,Bungalow,Good,Semi-Furnished,794700.16
714,4414.04,2,47,Rural,Apartment,Excellent,Unfurnished,758565.9
715,1871.53,1,20,Rural,Villa,Good,Furnished,418242.46
716,3531.36,4,28,Rural,Apartment,Average,Semi-Furnished,632936.67
717,1804.02,4,9,Urban,Bungalow,Poor,Semi-Furnished,429110.87
718,2296.36,1,25,Rural,Townhouse,Average,Unfurnished,430349.96
719,2664.15,2,31,Suburban,Villa,Average,Unfurnished,544296.72
720,1955.35,5,5,Urban,Townhouse,Excellent,Semi-Furnished,514330.58
721,2067.39,3,22,Rural,Apartment,Good,Unfurnished,427546.96
722,4955.72,4,39,Urban,Townhouse,Poor,Unfurnished,876299.85
723,1398.58,3,9,Rural,Apartment,Poor,Furnished,336965.84
724,4670.28,3,0,Suburban,Apartment,Good,Semi-Furnished,859098.59
725,2620.36,3,13,Rural,Villa,Average,Furnished,539530.55
726,2673.62,6,9,Rural,Apartment,Excellent,Furnished,574941.42
727,4577.18,5,2,Suburban,Villa,Poor,Semi-Furnished,871743.34
728,1720.77,4,41,Urban,Apartment,Excellent,Furnished,439081.97
729,1720.9,6,23,Urban,Apartment,Good,Furnished,432831.06
730,2788.43,6,6,Suburban,Townhouse,Poor,Unfurnished,593082.19
731,1394.94,4,35,Rural,Apartment,Poor,Unfurnished,297266.66
732,2704.7,6,10,Urban,Bungalow,Good,Semi-Furnished,606503.43
733,3313.54,2,32,Suburban,Apartment,Good,Semi-Furnished,624775.91
734,632.6,5,60,Suburban,Villa,Average,Semi-Furnished,232552.85
735,4537.29,6,8,Urban,Townhouse,Average,Semi-Furnished,879472.3
736,4867.42,5,21,Suburban,Villa,Average,Furnished,920910.76
737,1123.59,5,43,Urban,Villa,Good,Furnished,366427.73
738,1108.64,2,41,Rural,Villa,Good,Unfurnished,273135.52
739,3008.03,6,7,Urban,Bungalow,Average,Furnished,660493.01
740,4878.03,4,19,Suburban,Bungalow,Average,Unfurnished,869795.39
741,980.47,2,1,Rural,Bungalow,Average,Furnished,275633.41
742,2116.68,6,49,Suburban,Villa,Excellent,Furnished,527425.36
743,3423.06,2,54,Suburban,Townhouse,Excellent,Unfurnished,634213.5
744,2338.65,1,59,Suburban,Townhouse,Average,Furnished,451507.45
745,3521.03,2,48,Urban,Apartment,Average,Semi-Furnished,645986.04
746,1962.03,4,56,Urban,Townhouse,Excellent,Unfurnished,443623.97
747,3235.68,4,46,Suburban,Townhouse,Poor,Furnished,616387.2
748,4449.95,2,33,Rural,Townhouse,Poor,Furnished,767697.79
749,2243.29,6,3,Urban,Bungalow,Excellent,Semi-Furnished,568403.41
750,1786.62,2,27,Suburban,Apartment,Average,Semi-Furnished,367234